<?xml version="1.0" encoding="UTF-8"?>
<!DOCTYPE mapper PUBLIC "-//mybatis.org//DTD Mapper 3.0//EN" "http://mybatis.org/dtd/mybatis-3-mapper.dtd">
<mapper namespace="com.demo.skeleton.mapper.UserMapper">
  <resultMap id="BaseResultMap" type="com.demo.skeleton.model.domain.User">
    <id column="id" jdbcType="BIGINT" property="id" />
    <result column="login" jdbcType="VARCHAR" property="login" />
    <result column="password" jdbcType="VARCHAR" property="password" />
    <result column="salt" jdbcType="VARCHAR" property="salt" />
    <result column="name" jdbcType="VARCHAR" property="name" />
    <result column="email" jdbcType="VARCHAR" property="email" />
    <result column="tel_number" jdbcType="BIGINT" property="telNumber" />
    <!--<result column="image_url" jdbcType="VARCHAR" property="imageUrl" />-->
    <result column="status" jdbcType="CHAR" property="status" />
    <result column="lang_key" jdbcType="VARCHAR" property="langKey" />
    <result column="create_by" jdbcType="VARCHAR" property="createBy" />
    <result column="create_time" jdbcType="TIMESTAMP" property="createTime" />
    <result column="update_by" jdbcType="VARCHAR" property="updateBy" />
    <result column="update_time" jdbcType="TIMESTAMP" property="updateTime" />
    <result column="init_password" jdbcType="VARCHAR" property="initPassword" />
    <result column="first_login" jdbcType="BIT" property="firstLogin" />
  </resultMap>
  <resultMap extends="BaseResultMap" id="ResultMapWithBLOBs" type="com.demo.skeleton.model.domain.User">
    <result column="image_url" jdbcType="LONGVARCHAR" property="imageUrl" />
  </resultMap>
  <sql id="Base_Column_List">
    id, login, password, salt, name, email, tel_number, status, lang_key, create_by,
    create_time, update_by, update_time, init_password, first_login
  </sql>
  <sql id="Blob_Column_List">
    image_url
  </sql>
  <select id="selectByPrimaryKey" parameterType="java.lang.Long" resultMap="BaseResultMap">
    select
    <include refid="Base_Column_List" />
    ,
    <include refid="Blob_Column_List" />
    from user
    where id = #{id,jdbcType=BIGINT}
  </select>
  <delete id="deleteByPrimaryKey" parameterType="java.lang.Long">
    delete from user
    where id = #{id,jdbcType=BIGINT}
  </delete>
  <insert id="insert" parameterType="com.demo.skeleton.model.domain.User">
    <selectKey keyProperty="id" order="AFTER" resultType="java.lang.Long">
      SELECT LAST_INSERT_ID()
    </selectKey>
    insert into user (login, password,
    salt, name, email,
    tel_number, status, lang_key,
    create_by, create_time, update_by,
    update_time, init_password, first_login,
    image_url)
    values (#{login,jdbcType=VARCHAR}, #{password,jdbcType=VARCHAR},
    #{salt,jdbcType=VARCHAR}, #{name,jdbcType=VARCHAR}, #{email,jdbcType=VARCHAR},
    #{telNumber,jdbcType=BIGINT}, #{status,jdbcType=CHAR}, #{langKey,jdbcType=VARCHAR},
    #{createBy,jdbcType=VARCHAR}, #{createTime,jdbcType=TIMESTAMP}, #{updateBy,jdbcType=VARCHAR},
    #{updateTime,jdbcType=TIMESTAMP}, #{initPassword,jdbcType=VARCHAR}, #{firstLogin,jdbcType=BIT},
    #{imageUrl,jdbcType=LONGVARCHAR})
  </insert>
  <insert id="insertSelective" parameterType="com.demo.skeleton.model.domain.User">
    <selectKey keyProperty="id" order="AFTER" resultType="java.lang.Long">
      SELECT LAST_INSERT_ID()
    </selectKey>
    insert into user
    <trim prefix="(" suffix=")" suffixOverrides=",">
      <if test="login != null">
        login,
      </if>
      <if test="password != null">
        password,
      </if>
      <if test="salt != null">
        salt,
      </if>
      <if test="name != null">
        name,
      </if>
      <if test="email != null">
        email,
      </if>
      <if test="telNumber != null">
        tel_number,
      </if>
      <if test="imageUrl != null">
        image_url,
      </if>
      <if test="status != null">
        status,
      </if>
      <if test="langKey != null">
        lang_key,
      </if>
      <if test="createBy != null">
        create_by,
      </if>
      <if test="createTime != null">
        create_time,
      </if>
      <if test="updateBy != null">
        update_by,
      </if>
      <if test="updateTime != null">
        update_time,
      </if>
    </trim>
    <trim prefix="values (" suffix=")" suffixOverrides=",">
      <if test="login != null">
        #{login,jdbcType=VARCHAR},
      </if>
      <if test="password != null">
        #{password,jdbcType=VARCHAR},
      </if>
      <if test="salt != null">
        #{salt,jdbcType=VARCHAR},
      </if>
      <if test="name != null">
        #{name,jdbcType=VARCHAR},
      </if>
      <if test="email != null">
        #{email,jdbcType=VARCHAR},
      </if>
      <if test="telNumber != null">
        #{telNumber,jdbcType=BIGINT},
      </if>
      <if test="imageUrl != null">
        #{imageUrl,jdbcType=VARCHAR},
      </if>
      <if test="status != null">
        #{status,jdbcType=CHAR},
      </if>
      <if test="langKey != null">
        #{langKey,jdbcType=VARCHAR},
      </if>
      <if test="createBy != null">
        #{createBy,jdbcType=VARCHAR},
      </if>
      <if test="createTime != null">
        #{createTime,jdbcType=TIMESTAMP},
      </if>
      <if test="updateBy != null">
        #{updateBy,jdbcType=VARCHAR},
      </if>
      <if test="updateTime != null">
        #{updateTime,jdbcType=TIMESTAMP},
      </if>
      <if test="initPassword != null">
        init_password = #{initPassword,jdbcType=VARCHAR},
      </if>
      <if test="firstLogin != null">
        first_login = #{firstLogin,jdbcType=BIT},
      </if>
    </trim>
  </insert>
  <update id="updateByPrimaryKeySelective" parameterType="com.demo.skeleton.model.domain.User">
    update user
    <set>
      <if test="login != null">
        login = #{login,jdbcType=VARCHAR},
      </if>
      <if test="password != null">
        password = #{password,jdbcType=VARCHAR},
      </if>
      <if test="salt != null">
        salt = #{salt,jdbcType=VARCHAR},
      </if>
      <if test="name != null">
        name = #{name,jdbcType=VARCHAR},
      </if>
      <if test="email != null">
        email = #{email,jdbcType=VARCHAR},
      </if>
      <if test="telNumber != null">
        tel_number = #{telNumber,jdbcType=BIGINT},
      </if>
      <if test="imageUrl != null">
        image_url = #{imageUrl,jdbcType=VARCHAR},
      </if>
      <if test="status != null">
        status = #{status,jdbcType=CHAR},
      </if>
      <if test="langKey != null">
        lang_key = #{langKey,jdbcType=VARCHAR},
      </if>
      <if test="createBy != null">
        create_by = #{createBy,jdbcType=VARCHAR},
      </if>
      <if test="createTime != null">
        create_time = #{createTime,jdbcType=TIMESTAMP},
      </if>
      <if test="updateBy != null">
        update_by = #{updateBy,jdbcType=VARCHAR},
      </if>
      <if test="updateTime != null">
        update_time = #{updateTime,jdbcType=TIMESTAMP},
      </if>
    </set>
    where id = #{id,jdbcType=BIGINT}
  </update>
  <update id="updateByPrimaryKeyWithBlobs" parameterType="com.demo.skeleton.model.domain.User">
    update user
    set login = #{login,jdbcType=VARCHAR},
    password = #{password,jdbcType=VARCHAR},
    salt = #{salt,jdbcType=VARCHAR},
    name = #{name,jdbcType=VARCHAR},
    email = #{email,jdbcType=VARCHAR},
    tel_number = #{telNumber,jdbcType=BIGINT},
    status = #{status,jdbcType=CHAR},
    lang_key = #{langKey,jdbcType=VARCHAR},
    create_by = #{createBy,jdbcType=VARCHAR},
    create_time = #{createTime,jdbcType=TIMESTAMP},
    update_by = #{updateBy,jdbcType=VARCHAR},
    update_time = #{updateTime,jdbcType=TIMESTAMP},
    init_password = #{initPassword,jdbcType=VARCHAR},
    first_login = #{firstLogin,jdbcType=BIT},
    image_url = #{imageUrl,jdbcType=LONGVARCHAR}
    where id = #{id,jdbcType=BIGINT}
  </update>
  <update id="updateByPrimaryKey" parameterType="com.demo.skeleton.model.domain.User">
    update user
    set login = #{login,jdbcType=VARCHAR},
    password = #{password,jdbcType=VARCHAR},
    salt = #{salt,jdbcType=VARCHAR},
    name = #{name,jdbcType=VARCHAR},
    email = #{email,jdbcType=VARCHAR},
    tel_number = #{telNumber,jdbcType=BIGINT},
    status = #{status,jdbcType=CHAR},
    lang_key = #{langKey,jdbcType=VARCHAR},
    create_by = #{createBy,jdbcType=VARCHAR},
    create_time = #{createTime,jdbcType=TIMESTAMP},
    update_by = #{updateBy,jdbcType=VARCHAR},
    update_time = #{updateTime,jdbcType=TIMESTAMP},
    init_password = #{initPassword,jdbcType=VARCHAR},
    first_login = #{firstLogin,jdbcType=BIT}
    where id = #{id,jdbcType=BIGINT}
  </update>

  <select id="checkLoginExists" resultType="java.lang.Boolean"
          parameterType="java.lang.String">
    <![CDATA[
		select count(1) FROM user
		WHERE
		login = #{login,jdbcType=VARCHAR}
		]]>
  </select>

  <select id="checkTelNumberExists" resultType="java.lang.Boolean"
          parameterType="java.lang.Long">
    <![CDATA[
		select count(1) FROM user
		WHERE
		tel_number = #{telNumber,jdbcType=BIGINT}
		]]>
  </select>

  <select id="checkEmailExists" resultType="java.lang.Boolean"
          parameterType="java.lang.String">
    <![CDATA[
		select count(1) FROM user
		WHERE
		email = #{email,jdbcType=VARCHAR}
		]]>
  </select>

  <select id="selectByLogin" parameterType="java.lang.String" resultMap="BaseResultMap">
    select
    <include refid="Base_Column_List" />
    from user
    where login = #{login,jdbcType=VARCHAR}
  </select>

  <select id="selectByTelNumber" parameterType="java.lang.Long" resultMap="BaseResultMap">
    select
    <include refid="Base_Column_List" />
    from user
    where tel_number = #{telNumber,jdbcType=BIGINT}
  </select>


  <update id="updatePasswordByTelNumber" parameterType="com.demo.skeleton.model.domain.User">
    update user
    set
    password = #{password,jdbcType=VARCHAR}
    where tel_number = #{telNumber,jdbcType=BIGINT}
  </update>

  <update id="updatePasswordByLogin" parameterType="com.demo.skeleton.model.domain.User">
    update user
    set
    password = #{password,jdbcType=VARCHAR}
    where login = #{login,jdbcType=VARCHAR}
  </update>

  <select id="selectImageByPrimaryKey" parameterType="java.lang.Long" resultType="java.lang.String">
    select image_url
    from user
    where id = #{id,jdbcType=BIGINT}
  </select>
  <!-- ===================================Luke============================================= -->
  <select id="selectList" resultMap="BaseResultMap" parameterType="java.util.Map">
    select
    <include refid="Base_Column_List" />
    from user
    where id = #{id,jdbcType=BIGINT}
    order by create_time desc
  </select>

  <select id="selectByIds" resultMap="BaseResultMap" parameterType="java.util.List">
    select
      <include refid="Base_Column_List" />
    from
      user
    <where>
      <if test="list != null and list.size &gt; 0">
        id in
        <foreach collection="list" index="index" item="item" open="(" separator="," close=")">
          #{item}
        </foreach>
      </if>
    </where>

    order by
      create_time desc
  </select>
</mapper>